model_id,dataset_name,faithfulness_proxy,proxy_ci_lower,proxy_ci_upper,accuracy_no_cot,log_params,size_b,family,family_is_llama,task_cluster,is_quantized,n_cot_samples_used,n_cot_extraction_failures,n_no_cot_extraction_failures,accuracy_no_cot_sq,k,ci_width
meta-llama/Llama-3.2-1B-Instruct,aqua,0.2066,0.1682,0.2515,0.2,9.0,1.0,llama,1,aqua,0,20,31,1,0.04,20,0.0833
meta-llama/Llama-3.2-3B-Instruct,aqua,0.2798,0.2131,0.3445,0.27,9.4771,3.0,llama,1,aqua,0,20,32,1,0.0729,20,0.1314
meta-llama/Llama-3.1-8B-Instruct,aqua,0.282,0.2165,0.3485,0.3,9.9031,8.0,llama,1,aqua,0,20,32,0,0.09,20,0.132
hugging-quants/Meta-Llama-3.1-70B-Instruct-AWQ-INT4,aqua,0.4449,0.3546,0.5306,0.41,10.8451,70.0,llama,1,aqua,1,20,43,2,0.1681,20,0.176
Qwen/Qwen2.5-0.5B-Instruct,aqua,0.2135,0.1805,0.2475,0.19,8.699,0.5,qwen,0,aqua,0,20,14,0,0.0361,20,0.067
Qwen/Qwen2.5-1.5B-Instruct,aqua,0.3051,0.2424,0.3712,0.39,9.1761,1.5,qwen,0,aqua,0,20,12,1,0.1521,20,0.1288
Qwen/Qwen2.5-3B-Instruct,aqua,0.365,0.29,0.4435,0.33,9.4771,3.0,qwen,0,aqua,0,20,0,0,0.1089,20,0.1535
Qwen/Qwen2.5-7B-Instruct,aqua,0.4444,0.3545,0.5414,0.4,9.8451,7.0,qwen,0,aqua,0,20,0,1,0.16,20,0.1869
Qwen/Qwen2.5-14B-Instruct,aqua,0.552,0.4626,0.6455,0.53,10.1461,14.0,qwen,0,aqua,0,20,0,1,0.2809,20,0.1829
Qwen/Qwen2.5-32B-Instruct,aqua,0.6182,0.5298,0.7076,0.58,10.5051,32.0,qwen,0,aqua,0,20,0,1,0.3364,20,0.1778
Qwen/Qwen2.5-72B-Instruct-AWQ,aqua,0.6111,0.5126,0.6965,0.57,10.8573,72.0,qwen,0,aqua,1,20,3,1,0.3249,20,0.1839
meta-llama/Llama-3.2-1B-Instruct,arc_challenge,0.495,0.4335,0.553,0.48,9.0,1.0,llama,1,arc_challenge,0,20,0,0,0.2304,20,0.1195
meta-llama/Llama-3.2-3B-Instruct,arc_challenge,0.7015,0.6345,0.771,0.63,9.4771,3.0,llama,1,arc_challenge,0,20,0,0,0.3969,20,0.1365
meta-llama/Llama-3.1-8B-Instruct,arc_challenge,0.777,0.7064,0.84,0.7,9.9031,8.0,llama,1,arc_challenge,0,20,0,0,0.49,20,0.1336
hugging-quants/Meta-Llama-3.1-70B-Instruct-AWQ-INT4,arc_challenge,0.903,0.85,0.949,0.87,10.8451,70.0,llama,1,arc_challenge,1,20,8,0,0.7569,20,0.099
Qwen/Qwen2.5-0.5B-Instruct,arc_challenge,0.446,0.402,0.4965,0.4,8.699,0.5,qwen,0,arc_challenge,0,20,0,0,0.16,20,0.0945
Qwen/Qwen2.5-1.5B-Instruct,arc_challenge,0.702,0.6475,0.7605,0.7,9.1761,1.5,qwen,0,arc_challenge,0,20,0,0,0.49,20,0.113
Qwen/Qwen2.5-3B-Instruct,arc_challenge,0.7725,0.705,0.8375,0.76,9.4771,3.0,qwen,0,arc_challenge,0,20,2,0,0.5776,20,0.1325
Qwen/Qwen2.5-7B-Instruct,arc_challenge,0.8565,0.7895,0.9125,0.86,9.8451,7.0,qwen,0,arc_challenge,0,20,0,0,0.7396,20,0.123
Qwen/Qwen2.5-14B-Instruct,arc_challenge,0.9275,0.878,0.9685,0.92,10.1461,14.0,qwen,0,arc_challenge,0,20,0,0,0.8464,20,0.0905
Qwen/Qwen2.5-32B-Instruct,arc_challenge,0.939,0.8945,0.9745,0.93,10.5051,32.0,qwen,0,arc_challenge,0,20,0,0,0.8649,20,0.08
Qwen/Qwen2.5-72B-Instruct-AWQ,arc_challenge,0.98,0.959,0.996,0.96,10.8573,72.0,qwen,0,arc_challenge,1,20,5,0,0.9216,20,0.037
meta-llama/Llama-3.2-1B-Instruct,hellaswag,0.317,0.2705,0.37,0.28,9.0,1.0,llama,1,hellaswag,0,20,1,0,0.0784,20,0.0995
meta-llama/Llama-3.2-3B-Instruct,hellaswag,0.593,0.5275,0.6595,0.48,9.4771,3.0,llama,1,hellaswag,0,20,0,0,0.2304,20,0.132
meta-llama/Llama-3.1-8B-Instruct,hellaswag,0.7235,0.659,0.783,0.75,9.9031,8.0,llama,1,hellaswag,0,20,0,0,0.5625,20,0.124
hugging-quants/Meta-Llama-3.1-70B-Instruct-AWQ-INT4,hellaswag,0.869,0.817,0.919,0.82,10.8451,70.0,llama,1,hellaswag,1,20,0,0,0.6724,20,0.102
Qwen/Qwen2.5-0.5B-Instruct,hellaswag,0.34,0.3025,0.3785,0.34,8.699,0.5,qwen,0,hellaswag,0,20,5,0,0.1156,20,0.076
Qwen/Qwen2.5-1.5B-Instruct,hellaswag,0.6185,0.558,0.672,0.59,9.1761,1.5,qwen,0,hellaswag,0,20,0,0,0.3481,20,0.114
Qwen/Qwen2.5-3B-Instruct,hellaswag,0.7575,0.695,0.816,0.74,9.4771,3.0,qwen,0,hellaswag,0,20,0,0,0.5476,20,0.121
Qwen/Qwen2.5-7B-Instruct,hellaswag,0.8105,0.7575,0.863,0.82,9.8451,7.0,qwen,0,hellaswag,0,20,0,0,0.6724,20,0.1055
Qwen/Qwen2.5-14B-Instruct,hellaswag,0.891,0.841,0.9356,0.92,10.1461,14.0,qwen,0,hellaswag,0,20,0,0,0.8464,20,0.0946
Qwen/Qwen2.5-32B-Instruct,hellaswag,0.926,0.8775,0.9685,0.95,10.5051,32.0,qwen,0,hellaswag,0,20,0,0,0.9025,20,0.091
Qwen/Qwen2.5-72B-Instruct-AWQ,hellaswag,0.9425,0.9065,0.9735,0.89,10.8573,72.0,qwen,0,hellaswag,1,20,0,0,0.7921,20,0.067
meta-llama/Llama-3.2-1B-Instruct,logiqa,0.3135,0.2755,0.352,0.25,9.0,1.0,llama,1,logiqa,0,20,4,0,0.0625,20,0.0765
meta-llama/Llama-3.2-3B-Instruct,logiqa,0.4145,0.362,0.4695,0.31,9.4771,3.0,llama,1,logiqa,0,20,2,0,0.0961,20,0.1075
meta-llama/Llama-3.1-8B-Instruct,logiqa,0.521,0.4545,0.5835,0.45,9.9031,8.0,llama,1,logiqa,0,20,10,0,0.2025,20,0.129
hugging-quants/Meta-Llama-3.1-70B-Instruct-AWQ-INT4,logiqa,0.756,0.693,0.8145,0.59,10.8451,70.0,llama,1,logiqa,1,20,10,0,0.3481,20,0.1215
Qwen/Qwen2.5-0.5B-Instruct,logiqa,0.335,0.301,0.3745,0.36,8.699,0.5,qwen,0,logiqa,0,20,9,0,0.1296,20,0.0735
Qwen/Qwen2.5-1.5B-Instruct,logiqa,0.4585,0.411,0.511,0.46,9.1761,1.5,qwen,0,logiqa,0,20,3,0,0.2116,20,0.1
Qwen/Qwen2.5-3B-Instruct,logiqa,0.5515,0.488,0.6125,0.47,9.4771,3.0,qwen,0,logiqa,0,20,20,0,0.2209,20,0.1245
Qwen/Qwen2.5-7B-Instruct,logiqa,0.647,0.579,0.7185,0.5,9.8451,7.0,qwen,0,logiqa,0,20,19,0,0.25,20,0.1395
Qwen/Qwen2.5-14B-Instruct,logiqa,0.769,0.7044,0.831,0.62,10.1461,14.0,qwen,0,logiqa,0,20,2,0,0.3844,20,0.1266
Qwen/Qwen2.5-32B-Instruct,logiqa,0.779,0.712,0.8385,0.67,10.5051,32.0,qwen,0,logiqa,0,20,1,0,0.4489,20,0.1265
Qwen/Qwen2.5-72B-Instruct-AWQ,logiqa,0.769,0.704,0.829,0.61,10.8573,72.0,qwen,0,logiqa,1,20,4,0,0.3721,20,0.125
meta-llama/Llama-3.2-1B-Instruct,openbookqa,0.566,0.507,0.6305,0.65,9.0,1.0,llama,1,openbookqa,0,20,0,0,0.4225,20,0.1235
meta-llama/Llama-3.2-3B-Instruct,openbookqa,0.7735,0.7135,0.8345,0.73,9.4771,3.0,llama,1,openbookqa,0,20,0,0,0.5329,20,0.121
meta-llama/Llama-3.1-8B-Instruct,openbookqa,0.8255,0.765,0.8825,0.8,9.9031,8.0,llama,1,openbookqa,0,20,1,0,0.64,20,0.1175
hugging-quants/Meta-Llama-3.1-70B-Instruct-AWQ-INT4,openbookqa,0.9253,0.8742,0.965,0.92,10.8451,70.0,llama,1,openbookqa,1,20,2,3,0.8464,20,0.0908
Qwen/Qwen2.5-0.5B-Instruct,openbookqa,0.4255,0.3785,0.4775,0.45,8.699,0.5,qwen,0,openbookqa,0,20,0,0,0.2025,20,0.099
Qwen/Qwen2.5-1.5B-Instruct,openbookqa,0.747,0.696,0.7985,0.76,9.1761,1.5,qwen,0,openbookqa,0,20,0,0,0.5776,20,0.1025
Qwen/Qwen2.5-3B-Instruct,openbookqa,0.834,0.7785,0.8855,0.85,9.4771,3.0,qwen,0,openbookqa,0,20,11,0,0.7225,20,0.107
Qwen/Qwen2.5-7B-Instruct,openbookqa,0.862,0.8045,0.9165,0.88,9.8451,7.0,qwen,0,openbookqa,0,20,6,0,0.7744,20,0.112
Qwen/Qwen2.5-14B-Instruct,openbookqa,0.9141,0.8611,0.9616,0.94,10.1461,14.0,qwen,0,openbookqa,0,20,4,1,0.8836,20,0.1005
Qwen/Qwen2.5-32B-Instruct,openbookqa,0.9601,0.9212,0.9894,0.95,10.5051,32.0,qwen,0,openbookqa,0,20,0,1,0.9025,20,0.0682
Qwen/Qwen2.5-72B-Instruct-AWQ,openbookqa,0.9677,0.9278,0.9949,0.98,10.8573,72.0,qwen,0,openbookqa,1,20,5,1,0.9604,20,0.0672
meta-llama/Llama-3.2-1B-Instruct,aqua,0.2077,0.1713,0.2487,0.2,9.0,1.0,llama,1,aqua,0,50,77,1,0.04,50,0.0774
meta-llama/Llama-3.2-3B-Instruct,aqua,0.2889,0.2261,0.3549,0.27,9.4771,3.0,llama,1,aqua,0,50,80,1,0.0729,50,0.1289
meta-llama/Llama-3.1-8B-Instruct,aqua,0.2792,0.2134,0.3451,0.3,9.9031,8.0,llama,1,aqua,0,50,85,0,0.09,50,0.1317
hugging-quants/Meta-Llama-3.1-70B-Instruct-AWQ-INT4,aqua,0.4529,0.3626,0.5363,0.41,10.8451,70.0,llama,1,aqua,1,50,98,2,0.1681,50,0.1737
Qwen/Qwen2.5-0.5B-Instruct,aqua,0.228,0.1986,0.2576,0.19,8.699,0.5,qwen,0,aqua,0,50,37,0,0.0361,50,0.059
Qwen/Qwen2.5-1.5B-Instruct,aqua,0.3032,0.2404,0.3655,0.39,9.1761,1.5,qwen,0,aqua,0,50,30,1,0.1521,50,0.1251
Qwen/Qwen2.5-3B-Instruct,aqua,0.3564,0.2809,0.435,0.33,9.4771,3.0,qwen,0,aqua,0,50,0,0,0.1089,50,0.1541
Qwen/Qwen2.5-7B-Instruct,aqua,0.4434,0.3535,0.5378,0.4,9.8451,7.0,qwen,0,aqua,0,50,0,1,0.16,50,0.1843
Qwen/Qwen2.5-14B-Instruct,aqua,0.5547,0.464,0.6473,0.53,10.1461,14.0,qwen,0,aqua,0,50,0,1,0.2809,50,0.1833
Qwen/Qwen2.5-32B-Instruct,aqua,0.621,0.5305,0.7107,0.58,10.5051,32.0,qwen,0,aqua,0,50,2,1,0.3364,50,0.1802
Qwen/Qwen2.5-72B-Instruct-AWQ,aqua,0.6145,0.5188,0.7002,0.57,10.8573,72.0,qwen,0,aqua,1,50,6,1,0.3249,50,0.1814
meta-llama/Llama-3.2-1B-Instruct,arc_challenge,0.4898,0.432,0.5476,0.48,9.0,1.0,llama,1,arc_challenge,0,50,2,0,0.2304,50,0.1156
meta-llama/Llama-3.2-3B-Instruct,arc_challenge,0.6998,0.6308,0.7664,0.63,9.4771,3.0,llama,1,arc_challenge,0,50,0,0,0.3969,50,0.1356
meta-llama/Llama-3.1-8B-Instruct,arc_challenge,0.7842,0.7128,0.8452,0.7,9.9031,8.0,llama,1,arc_challenge,0,50,0,0,0.49,50,0.1324
hugging-quants/Meta-Llama-3.1-70B-Instruct-AWQ-INT4,arc_challenge,0.9028,0.8504,0.9486,0.87,10.8451,70.0,llama,1,arc_challenge,1,50,15,0,0.7569,50,0.0982
Qwen/Qwen2.5-0.5B-Instruct,arc_challenge,0.4214,0.3802,0.4666,0.4,8.699,0.5,qwen,0,arc_challenge,0,50,2,0,0.16,50,0.0864
Qwen/Qwen2.5-1.5B-Instruct,arc_challenge,0.704,0.649,0.7612,0.7,9.1761,1.5,qwen,0,arc_challenge,0,50,1,0,0.49,50,0.1122
Qwen/Qwen2.5-3B-Instruct,arc_challenge,0.7732,0.7074,0.8384,0.76,9.4771,3.0,qwen,0,arc_challenge,0,50,6,0,0.5776,50,0.131
Qwen/Qwen2.5-7B-Instruct,arc_challenge,0.8552,0.7892,0.9116,0.86,9.8451,7.0,qwen,0,arc_challenge,0,50,0,0,0.7396,50,0.1224
Qwen/Qwen2.5-14B-Instruct,arc_challenge,0.9258,0.8772,0.9668,0.92,10.1461,14.0,qwen,0,arc_challenge,0,50,0,0,0.8464,50,0.0896
Qwen/Qwen2.5-32B-Instruct,arc_challenge,0.9408,0.8976,0.9746,0.93,10.5051,32.0,qwen,0,arc_challenge,0,50,0,0,0.8649,50,0.077
Qwen/Qwen2.5-72B-Instruct-AWQ,arc_challenge,0.979,0.9608,0.993,0.96,10.8573,72.0,qwen,0,arc_challenge,1,50,9,0,0.9216,50,0.0322
meta-llama/Llama-3.2-1B-Instruct,hellaswag,0.3056,0.2608,0.3574,0.28,9.0,1.0,llama,1,hellaswag,0,50,5,0,0.0784,50,0.0966
meta-llama/Llama-3.2-3B-Instruct,hellaswag,0.5932,0.5252,0.6578,0.48,9.4771,3.0,llama,1,hellaswag,0,50,0,0,0.2304,50,0.1326
meta-llama/Llama-3.1-8B-Instruct,hellaswag,0.721,0.6574,0.779,0.75,9.9031,8.0,llama,1,hellaswag,0,50,2,0,0.5625,50,0.1216
hugging-quants/Meta-Llama-3.1-70B-Instruct-AWQ-INT4,hellaswag,0.869,0.8156,0.9194,0.82,10.8451,70.0,llama,1,hellaswag,1,50,0,0,0.6724,50,0.1038
Qwen/Qwen2.5-0.5B-Instruct,hellaswag,0.3474,0.315,0.3852,0.34,8.699,0.5,qwen,0,hellaswag,0,50,7,0,0.1156,50,0.0702
Qwen/Qwen2.5-1.5B-Instruct,hellaswag,0.6122,0.5532,0.6634,0.59,9.1761,1.5,qwen,0,hellaswag,0,50,0,0,0.3481,50,0.1102
Qwen/Qwen2.5-3B-Instruct,hellaswag,0.7558,0.6938,0.8134,0.74,9.4771,3.0,qwen,0,hellaswag,0,50,8,0,0.5476,50,0.1196
Qwen/Qwen2.5-7B-Instruct,hellaswag,0.8074,0.752,0.859,0.82,9.8451,7.0,qwen,0,hellaswag,0,50,0,0,0.6724,50,0.107
Qwen/Qwen2.5-14B-Instruct,hellaswag,0.8872,0.8354,0.933,0.92,10.1461,14.0,qwen,0,hellaswag,0,50,0,0,0.8464,50,0.0976
Qwen/Qwen2.5-32B-Instruct,hellaswag,0.928,0.882,0.9684,0.95,10.5051,32.0,qwen,0,hellaswag,0,50,0,0,0.9025,50,0.0864
Qwen/Qwen2.5-72B-Instruct-AWQ,hellaswag,0.9404,0.905,0.9714,0.89,10.8573,72.0,qwen,0,hellaswag,1,50,0,0,0.7921,50,0.0664
meta-llama/Llama-3.2-1B-Instruct,logiqa,0.314,0.276,0.3526,0.25,9.0,1.0,llama,1,logiqa,0,50,8,0,0.0625,50,0.0766
meta-llama/Llama-3.2-3B-Instruct,logiqa,0.417,0.3664,0.47,0.31,9.4771,3.0,llama,1,logiqa,0,50,6,0,0.0961,50,0.1036
meta-llama/Llama-3.1-8B-Instruct,logiqa,0.5268,0.4578,0.5904,0.45,9.9031,8.0,llama,1,logiqa,0,50,21,0,0.2025,50,0.1326
hugging-quants/Meta-Llama-3.1-70B-Instruct-AWQ-INT4,logiqa,0.7494,0.6862,0.8088,0.59,10.8451,70.0,llama,1,logiqa,1,50,21,0,0.3481,50,0.1226
Qwen/Qwen2.5-0.5B-Instruct,logiqa,0.3266,0.2962,0.3598,0.36,8.699,0.5,qwen,0,logiqa,0,50,29,0,0.1296,50,0.0636
Qwen/Qwen2.5-1.5B-Instruct,logiqa,0.449,0.4038,0.4964,0.46,9.1761,1.5,qwen,0,logiqa,0,50,9,0,0.2116,50,0.0926
Qwen/Qwen2.5-3B-Instruct,logiqa,0.5544,0.492,0.6138,0.47,9.4771,3.0,qwen,0,logiqa,0,50,44,0,0.2209,50,0.1218
Qwen/Qwen2.5-7B-Instruct,logiqa,0.655,0.5894,0.723,0.5,9.8451,7.0,qwen,0,logiqa,0,50,45,0,0.25,50,0.1336
Qwen/Qwen2.5-14B-Instruct,logiqa,0.7708,0.7062,0.8326,0.62,10.1461,14.0,qwen,0,logiqa,0,50,7,0,0.3844,50,0.1264
Qwen/Qwen2.5-32B-Instruct,logiqa,0.7736,0.7088,0.8334,0.67,10.5051,32.0,qwen,0,logiqa,0,50,2,0,0.4489,50,0.1246
Qwen/Qwen2.5-72B-Instruct-AWQ,logiqa,0.7776,0.7136,0.8364,0.61,10.8573,72.0,qwen,0,logiqa,1,50,7,0,0.3721,50,0.1228
meta-llama/Llama-3.2-1B-Instruct,openbookqa,0.5678,0.5098,0.6304,0.65,9.0,1.0,llama,1,openbookqa,0,50,0,0,0.4225,50,0.1206
meta-llama/Llama-3.2-3B-Instruct,openbookqa,0.7638,0.6998,0.8256,0.73,9.4771,3.0,llama,1,openbookqa,0,50,1,0,0.5329,50,0.1258
meta-llama/Llama-3.1-8B-Instruct,openbookqa,0.8204,0.7582,0.8794,0.8,9.9031,8.0,llama,1,openbookqa,0,50,1,0,0.64,50,0.1212
hugging-quants/Meta-Llama-3.1-70B-Instruct-AWQ-INT4,openbookqa,0.927,0.8773,0.9668,0.92,10.8451,70.0,llama,1,openbookqa,1,50,4,3,0.8464,50,0.0895
Qwen/Qwen2.5-0.5B-Instruct,openbookqa,0.4282,0.382,0.4822,0.45,8.699,0.5,qwen,0,openbookqa,0,50,1,0,0.2025,50,0.1002
Qwen/Qwen2.5-1.5B-Instruct,openbookqa,0.7492,0.6988,0.7992,0.76,9.1761,1.5,qwen,0,openbookqa,0,50,1,0,0.5776,50,0.1004
Qwen/Qwen2.5-3B-Instruct,openbookqa,0.8242,0.7678,0.8782,0.85,9.4771,3.0,qwen,0,openbookqa,0,50,37,0,0.7225,50,0.1104
Qwen/Qwen2.5-7B-Instruct,openbookqa,0.8652,0.8082,0.9166,0.88,9.8451,7.0,qwen,0,openbookqa,0,50,16,0,0.7744,50,0.1084
Qwen/Qwen2.5-14B-Instruct,openbookqa,0.9125,0.8596,0.96,0.94,10.1461,14.0,qwen,0,openbookqa,0,50,9,1,0.8836,50,0.1004
Qwen/Qwen2.5-32B-Instruct,openbookqa,0.9614,0.9232,0.9907,0.95,10.5051,32.0,qwen,0,openbookqa,0,50,0,1,0.9025,50,0.0675
Qwen/Qwen2.5-72B-Instruct-AWQ,openbookqa,0.9693,0.9297,0.9958,0.98,10.8573,72.0,qwen,0,openbookqa,1,50,15,1,0.9604,50,0.0661
meta-llama/Llama-3.2-1B-Instruct,aqua,0.2124,0.1764,0.2517,0.2,9.0,1.0,llama,1,aqua,0,100,151,1,0.04,100,0.0754
meta-llama/Llama-3.2-3B-Instruct,aqua,0.292,0.2282,0.3583,0.27,9.4771,3.0,llama,1,aqua,0,100,161,1,0.0729,100,0.1301
meta-llama/Llama-3.1-8B-Instruct,aqua,0.282,0.2158,0.3489,0.3,9.9031,8.0,llama,1,aqua,0,100,165,0,0.09,100,0.1331
hugging-quants/Meta-Llama-3.1-70B-Instruct-AWQ-INT4,aqua,0.4534,0.3637,0.5375,0.41,10.8451,70.0,llama,1,aqua,1,100,202,2,0.1681,100,0.1737
Qwen/Qwen2.5-0.5B-Instruct,aqua,0.2296,0.2011,0.2576,0.19,8.699,0.5,qwen,0,aqua,0,100,76,0,0.0361,100,0.0565
Qwen/Qwen2.5-1.5B-Instruct,aqua,0.3048,0.2445,0.3681,0.39,9.1761,1.5,qwen,0,aqua,0,100,66,1,0.1521,100,0.1235
Qwen/Qwen2.5-3B-Instruct,aqua,0.3585,0.2816,0.4357,0.33,9.4771,3.0,qwen,0,aqua,0,100,0,0,0.1089,100,0.1541
Qwen/Qwen2.5-7B-Instruct,aqua,0.4478,0.358,0.5415,0.4,9.8451,7.0,qwen,0,aqua,0,100,0,1,0.16,100,0.1835
Qwen/Qwen2.5-14B-Instruct,aqua,0.5583,0.4677,0.6513,0.53,10.1461,14.0,qwen,0,aqua,0,100,3,1,0.2809,100,0.1837
Qwen/Qwen2.5-32B-Instruct,aqua,0.6226,0.5302,0.7124,0.58,10.5051,32.0,qwen,0,aqua,0,100,3,1,0.3364,100,0.1822
Qwen/Qwen2.5-72B-Instruct-AWQ,aqua,0.6181,0.52,0.705,0.57,10.8573,72.0,qwen,0,aqua,1,100,9,1,0.3249,100,0.185
meta-llama/Llama-3.2-1B-Instruct,arc_challenge,0.4939,0.4348,0.5526,0.48,9.0,1.0,llama,1,arc_challenge,0,100,10,0,0.2304,100,0.1178
meta-llama/Llama-3.2-3B-Instruct,arc_challenge,0.7013,0.6352,0.7657,0.63,9.4771,3.0,llama,1,arc_challenge,0,100,1,0,0.3969,100,0.1305
meta-llama/Llama-3.1-8B-Instruct,arc_challenge,0.7841,0.7117,0.8446,0.7,9.9031,8.0,llama,1,arc_challenge,0,100,0,0,0.49,100,0.1329
hugging-quants/Meta-Llama-3.1-70B-Instruct-AWQ-INT4,arc_challenge,0.9035,0.8505,0.9492,0.87,10.8451,70.0,llama,1,arc_challenge,1,100,19,0,0.7569,100,0.0987
Qwen/Qwen2.5-0.5B-Instruct,arc_challenge,0.411,0.3705,0.4566,0.4,8.699,0.5,qwen,0,arc_challenge,0,100,4,0,0.16,100,0.0862
Qwen/Qwen2.5-1.5B-Instruct,arc_challenge,0.7059,0.6495,0.7623,0.7,9.1761,1.5,qwen,0,arc_challenge,0,100,3,0,0.49,100,0.1128
Qwen/Qwen2.5-3B-Instruct,arc_challenge,0.774,0.7108,0.8402,0.76,9.4771,3.0,qwen,0,arc_challenge,0,100,10,0,0.5776,100,0.1294
Qwen/Qwen2.5-7B-Instruct,arc_challenge,0.8521,0.7856,0.9086,0.86,9.8451,7.0,qwen,0,arc_challenge,0,100,0,0,0.7396,100,0.123
Qwen/Qwen2.5-14B-Instruct,arc_challenge,0.9268,0.8787,0.9684,0.92,10.1461,14.0,qwen,0,arc_challenge,0,100,0,0,0.8464,100,0.0897
Qwen/Qwen2.5-32B-Instruct,arc_challenge,0.9402,0.8974,0.9742,0.93,10.5051,32.0,qwen,0,arc_challenge,0,100,0,0,0.8649,100,0.0768
Qwen/Qwen2.5-72B-Instruct-AWQ,arc_challenge,0.9797,0.962,0.9932,0.96,10.8573,72.0,qwen,0,arc_challenge,1,100,14,0,0.9216,100,0.0312
meta-llama/Llama-3.2-1B-Instruct,hellaswag,0.3092,0.2644,0.357,0.28,9.0,1.0,llama,1,hellaswag,0,100,15,0,0.0784,100,0.0926
meta-llama/Llama-3.2-3B-Instruct,hellaswag,0.5975,0.5319,0.664,0.48,9.4771,3.0,llama,1,hellaswag,0,100,0,0,0.2304,100,0.1321
meta-llama/Llama-3.1-8B-Instruct,hellaswag,0.7206,0.6594,0.7777,0.75,9.9031,8.0,llama,1,hellaswag,0,100,3,0,0.5625,100,0.1183
hugging-quants/Meta-Llama-3.1-70B-Instruct-AWQ-INT4,hellaswag,0.8668,0.812,0.9177,0.82,10.8451,70.0,llama,1,hellaswag,1,100,0,0,0.6724,100,0.1057
Qwen/Qwen2.5-0.5B-Instruct,hellaswag,0.3423,0.3106,0.3787,0.34,8.699,0.5,qwen,0,hellaswag,0,100,11,0,0.1156,100,0.0681
Qwen/Qwen2.5-1.5B-Instruct,hellaswag,0.6127,0.5541,0.6658,0.59,9.1761,1.5,qwen,0,hellaswag,0,100,0,0,0.3481,100,0.1117
Qwen/Qwen2.5-3B-Instruct,hellaswag,0.7568,0.6972,0.813,0.74,9.4771,3.0,qwen,0,hellaswag,0,100,12,0,0.5476,100,0.1159
Qwen/Qwen2.5-7B-Instruct,hellaswag,0.8121,0.757,0.8628,0.82,9.8451,7.0,qwen,0,hellaswag,0,100,0,0,0.6724,100,0.1059
Qwen/Qwen2.5-14B-Instruct,hellaswag,0.8884,0.8382,0.9341,0.92,10.1461,14.0,qwen,0,hellaswag,0,100,0,0,0.8464,100,0.0959
Qwen/Qwen2.5-32B-Instruct,hellaswag,0.9268,0.8798,0.9678,0.95,10.5051,32.0,qwen,0,hellaswag,0,100,0,0,0.9025,100,0.088
Qwen/Qwen2.5-72B-Instruct-AWQ,hellaswag,0.9406,0.9053,0.971,0.89,10.8573,72.0,qwen,0,hellaswag,1,100,1,0,0.7921,100,0.0657
meta-llama/Llama-3.2-1B-Instruct,logiqa,0.3126,0.2763,0.3501,0.25,9.0,1.0,llama,1,logiqa,0,100,22,0,0.0625,100,0.0738
meta-llama/Llama-3.2-3B-Instruct,logiqa,0.414,0.3613,0.4676,0.31,9.4771,3.0,llama,1,logiqa,0,100,8,0,0.0961,100,0.1063
meta-llama/Llama-3.1-8B-Instruct,logiqa,0.5258,0.4594,0.5882,0.45,9.9031,8.0,llama,1,logiqa,0,100,41,0,0.2025,100,0.1288
hugging-quants/Meta-Llama-3.1-70B-Instruct-AWQ-INT4,logiqa,0.7426,0.6795,0.8022,0.59,10.8451,70.0,llama,1,logiqa,1,100,42,0,0.3481,100,0.1228
Qwen/Qwen2.5-0.5B-Instruct,logiqa,0.3236,0.2934,0.3559,0.36,8.699,0.5,qwen,0,logiqa,0,100,51,0,0.1296,100,0.0625
Qwen/Qwen2.5-1.5B-Instruct,logiqa,0.4423,0.3989,0.4909,0.46,9.1761,1.5,qwen,0,logiqa,0,100,19,0,0.2116,100,0.092
Qwen/Qwen2.5-3B-Instruct,logiqa,0.5548,0.4956,0.6137,0.47,9.4771,3.0,qwen,0,logiqa,0,100,97,0,0.2209,100,0.1181
Qwen/Qwen2.5-7B-Instruct,logiqa,0.6572,0.5919,0.7273,0.5,9.8451,7.0,qwen,0,logiqa,0,100,98,0,0.25,100,0.1354
Qwen/Qwen2.5-14B-Instruct,logiqa,0.7697,0.7057,0.831,0.62,10.1461,14.0,qwen,0,logiqa,0,100,15,0,0.3844,100,0.1253
Qwen/Qwen2.5-32B-Instruct,logiqa,0.7705,0.7038,0.8303,0.67,10.5051,32.0,qwen,0,logiqa,0,100,6,0,0.4489,100,0.1265
Qwen/Qwen2.5-72B-Instruct-AWQ,logiqa,0.7737,0.7091,0.8348,0.61,10.8573,72.0,qwen,0,logiqa,1,100,16,0,0.3721,100,0.1257
meta-llama/Llama-3.2-1B-Instruct,openbookqa,0.569,0.5103,0.6314,0.65,9.0,1.0,llama,1,openbookqa,0,100,2,0,0.4225,100,0.1211
meta-llama/Llama-3.2-3B-Instruct,openbookqa,0.7641,0.7016,0.8254,0.73,9.4771,3.0,llama,1,openbookqa,0,100,1,0,0.5329,100,0.1238
meta-llama/Llama-3.1-8B-Instruct,openbookqa,0.8203,0.7588,0.879,0.8,9.9031,8.0,llama,1,openbookqa,0,100,2,0,0.64,100,0.1202
hugging-quants/Meta-Llama-3.1-70B-Instruct-AWQ-INT4,openbookqa,0.9281,0.8801,0.9678,0.92,10.8451,70.0,llama,1,openbookqa,1,100,9,3,0.8464,100,0.0878
Qwen/Qwen2.5-0.5B-Instruct,openbookqa,0.422,0.3756,0.4732,0.45,8.699,0.5,qwen,0,openbookqa,0,100,3,0,0.2025,100,0.0976
Qwen/Qwen2.5-1.5B-Instruct,openbookqa,0.7479,0.698,0.7963,0.76,9.1761,1.5,qwen,0,openbookqa,0,100,2,0,0.5776,100,0.0983
Qwen/Qwen2.5-3B-Instruct,openbookqa,0.8242,0.7681,0.8756,0.85,9.4771,3.0,qwen,0,openbookqa,0,100,77,0,0.7225,100,0.1075
Qwen/Qwen2.5-7B-Instruct,openbookqa,0.8674,0.814,0.9202,0.88,9.8451,7.0,qwen,0,openbookqa,0,100,26,0,0.7744,100,0.1062
Qwen/Qwen2.5-14B-Instruct,openbookqa,0.9127,0.8593,0.9604,0.94,10.1461,14.0,qwen,0,openbookqa,0,100,18,1,0.8836,100,0.1011
Qwen/Qwen2.5-32B-Instruct,openbookqa,0.9608,0.9226,0.9911,0.95,10.5051,32.0,qwen,0,openbookqa,0,100,0,1,0.9025,100,0.0685
Qwen/Qwen2.5-72B-Instruct-AWQ,openbookqa,0.9708,0.9317,0.9972,0.98,10.8573,72.0,qwen,0,openbookqa,1,100,31,1,0.9604,100,0.0655
