model_id,dataset_name,entropy,normalized_entropy,max_share,modal_answer,n_distinct,capability_bin,accuracy_no_cot,faithfulness_proxy
Qwen/Qwen2.5-0.5B-Instruct,aqua,-0.0,-0.0,1.0,D,1,near_random,0.19,0.2325
Qwen/Qwen2.5-0.5B-Instruct,arc_challenge,1.7983,0.6957,0.54,D,6,intermediate,0.4,0.4235
Qwen/Qwen2.5-0.5B-Instruct,hellaswag,1.2432,0.6216,0.66,D,4,near_random,0.34,0.3455
Qwen/Qwen2.5-0.5B-Instruct,logiqa,0.4624,0.2312,0.93,D,4,intermediate,0.36,0.3205
Qwen/Qwen2.5-0.5B-Instruct,openbookqa,1.4968,0.7484,0.64,D,4,intermediate,0.46,0.4295
Qwen/Qwen2.5-1.5B-Instruct,aqua,1.7619,0.7588,0.5455,D,5,intermediate,0.39,0.296
Qwen/Qwen2.5-1.5B-Instruct,arc_challenge,2.1633,0.7706,0.3,B,7,intermediate,0.69,0.704
Qwen/Qwen2.5-1.5B-Instruct,hellaswag,1.9527,0.9764,0.33,D,4,intermediate,0.59,0.6245
Qwen/Qwen2.5-1.5B-Instruct,logiqa,1.5941,0.7971,0.6,D,4,intermediate,0.46,0.457
Qwen/Qwen2.5-1.5B-Instruct,openbookqa,1.9982,0.9991,0.26,D,4,ceiling,0.76,0.7465
Qwen/Qwen2.5-14B-Instruct,aqua,2.1721,0.9355,0.3636,D,5,intermediate,0.52,0.5434
Qwen/Qwen2.5-14B-Instruct,arc_challenge,2.1421,0.763,0.33,B,7,ceiling,0.92,0.9275
Qwen/Qwen2.5-14B-Instruct,hellaswag,1.9891,0.9945,0.29,B,4,ceiling,0.92,0.8865
Qwen/Qwen2.5-14B-Instruct,logiqa,1.9704,0.9852,0.29,D,4,intermediate,0.62,0.788
Qwen/Qwen2.5-14B-Instruct,openbookqa,1.9737,0.9868,0.303,C,4,ceiling,0.94,0.9167
Qwen/Qwen2.5-32B-Instruct,aqua,2.2208,0.9564,0.2626,B,5,intermediate,0.58,0.6222
Qwen/Qwen2.5-32B-Instruct,arc_challenge,2.1682,0.7723,0.29,B,7,ceiling,0.93,0.94
Qwen/Qwen2.5-32B-Instruct,hellaswag,1.9912,0.9956,0.28,C,4,ceiling,0.95,0.928
Qwen/Qwen2.5-32B-Instruct,logiqa,1.971,0.9855,0.3,B,4,intermediate,0.67,0.7735
Qwen/Qwen2.5-32B-Instruct,openbookqa,1.9833,0.9916,0.2828,C,4,ceiling,0.95,0.9611
Qwen/Qwen2.5-3B-Instruct,aqua,2.2223,0.9571,0.31,D,5,near_random,0.33,0.353
Qwen/Qwen2.5-3B-Instruct,arc_challenge,2.1763,0.7752,0.27,B,7,ceiling,0.76,0.7725
Qwen/Qwen2.5-3B-Instruct,hellaswag,1.9899,0.995,0.3,B,4,intermediate,0.74,0.7675
Qwen/Qwen2.5-3B-Instruct,logiqa,1.8528,0.9264,0.44,D,4,intermediate,0.47,0.5595
Qwen/Qwen2.5-3B-Instruct,openbookqa,1.9807,0.9903,0.32,B,4,ceiling,0.85,0.8355
Qwen/Qwen2.5-72B-Instruct,aqua,2.2127,0.953,0.2929,A,5,intermediate,0.6,0.6338
Qwen/Qwen2.5-72B-Instruct,arc_challenge,2.1564,0.7681,0.31,B,7,ceiling,0.96,0.9655
Qwen/Qwen2.5-72B-Instruct,hellaswag,1.9748,0.9874,0.3,B,4,ceiling,0.88,0.9505
Qwen/Qwen2.5-72B-Instruct,logiqa,1.955,0.9775,0.31,B,4,intermediate,0.65,0.742
Qwen/Qwen2.5-72B-Instruct,openbookqa,1.991,0.9955,0.2755,B,4,ceiling,0.98,0.9832
Qwen/Qwen2.5-7B-Instruct,aqua,2.131,0.9178,0.3131,A,5,intermediate,0.41,0.4641
Qwen/Qwen2.5-7B-Instruct,arc_challenge,2.1636,0.7707,0.28,C,7,ceiling,0.86,0.846
Qwen/Qwen2.5-7B-Instruct,hellaswag,1.9876,0.9938,0.29,B,4,ceiling,0.81,0.8215
Qwen/Qwen2.5-7B-Instruct,logiqa,1.906,0.953,0.38,D,4,intermediate,0.51,0.6795
Qwen/Qwen2.5-7B-Instruct,openbookqa,1.9848,0.9924,0.28,C,4,ceiling,0.88,0.8655
allenai/OLMo-2-0325-32B-Instruct,aqua,1.9574,0.843,0.449,D,5,near_random,0.33,0.3622
allenai/OLMo-2-0325-32B-Instruct,arc_challenge,2.1453,0.7642,0.33,B,7,ceiling,0.89,0.9165
allenai/OLMo-2-0325-32B-Instruct,hellaswag,1.9876,0.9938,0.29,D,4,ceiling,0.82,0.829
allenai/OLMo-2-0325-32B-Instruct,logiqa,1.844,0.922,0.46,D,4,intermediate,0.56,0.6875
allenai/OLMo-2-0325-32B-Instruct,openbookqa,1.9899,0.995,0.3,B,4,ceiling,0.89,0.9165
allenai/OLMo-2-0425-1B-Instruct,aqua,0.415,0.2075,0.94,D,4,near_random,0.19,0.2375
allenai/OLMo-2-0425-1B-Instruct,arc_challenge,1.2708,0.4527,0.76,D,7,near_random,0.3,0.417
allenai/OLMo-2-0425-1B-Instruct,hellaswag,1.1137,0.5569,0.75,D,4,near_random,0.33,0.38
allenai/OLMo-2-0425-1B-Instruct,logiqa,0.4749,0.2374,0.93,D,4,near_random,0.35,0.388
allenai/OLMo-2-0425-1B-Instruct,openbookqa,0.9921,0.496,0.81,D,4,near_random,0.29,0.417
allenai/OLMo-2-1124-13B-Instruct,aqua,1.5006,0.6463,0.6465,D,5,near_random,0.26,0.2626
allenai/OLMo-2-1124-13B-Instruct,arc_challenge,2.1763,0.7752,0.27,B,7,intermediate,0.75,0.8245
allenai/OLMo-2-1124-13B-Instruct,hellaswag,1.9573,0.9787,0.34,A,4,intermediate,0.7,0.7445
allenai/OLMo-2-1124-13B-Instruct,logiqa,1.8936,0.9468,0.42,D,4,intermediate,0.42,0.552
allenai/OLMo-2-1124-13B-Instruct,openbookqa,1.9982,0.9991,0.26,C,4,ceiling,0.85,0.862
allenai/OLMo-2-1124-7B-Instruct,aqua,0.5061,0.253,0.92,D,4,near_random,0.2,0.2395
allenai/OLMo-2-1124-7B-Instruct,arc_challenge,2.1675,0.7721,0.29,D,7,intermediate,0.72,0.7205
allenai/OLMo-2-1124-7B-Instruct,hellaswag,1.8241,0.912,0.39,D,4,intermediate,0.62,0.6055
allenai/OLMo-2-1124-7B-Instruct,logiqa,1.3898,0.6949,0.6869,D,4,intermediate,0.47,0.5247
allenai/OLMo-2-1124-7B-Instruct,openbookqa,1.9742,0.9871,0.32,D,4,intermediate,0.74,0.777
meta-llama/Llama-3.1-70B-Instruct,aqua,2.1534,0.9274,0.3469,C,5,intermediate,0.44,0.4878
meta-llama/Llama-3.1-70B-Instruct,arc_challenge,2.1537,0.7672,0.3131,B,7,ceiling,0.89,0.9278
meta-llama/Llama-3.1-70B-Instruct,hellaswag,1.9974,0.9987,0.2727,C,4,ceiling,0.84,0.8919
meta-llama/Llama-3.1-70B-Instruct,logiqa,1.9439,0.972,0.33,B,4,intermediate,0.57,0.7325
meta-llama/Llama-3.1-70B-Instruct,openbookqa,1.9728,0.9864,0.3263,B,4,ceiling,0.89,0.93
meta-llama/Llama-3.1-8B-Instruct,aqua,2.2485,0.9684,0.33,C,5,near_random,0.3,0.2875
meta-llama/Llama-3.1-8B-Instruct,arc_challenge,2.1398,0.7622,0.33,B,7,intermediate,0.7,0.777
meta-llama/Llama-3.1-8B-Instruct,hellaswag,1.9942,0.9971,0.28,D,4,intermediate,0.75,0.717
meta-llama/Llama-3.1-8B-Instruct,logiqa,1.9683,0.9842,0.32,D,4,intermediate,0.43,0.5055
meta-llama/Llama-3.1-8B-Instruct,openbookqa,1.9735,0.9867,0.33,B,4,ceiling,0.8,0.8235
meta-llama/Llama-3.2-1B-Instruct,aqua,2.2562,0.9717,0.28,B,5,near_random,0.18,0.227
meta-llama/Llama-3.2-1B-Instruct,arc_challenge,2.1287,0.8235,0.3,C,6,intermediate,0.46,0.502
meta-llama/Llama-3.2-1B-Instruct,hellaswag,1.9412,0.9706,0.36,D,4,near_random,0.27,0.322
meta-llama/Llama-3.2-1B-Instruct,logiqa,1.9673,0.9836,0.33,A,4,near_random,0.24,0.319
meta-llama/Llama-3.2-1B-Instruct,openbookqa,1.9154,0.9577,0.35,B,4,intermediate,0.66,0.577
meta-llama/Llama-3.2-3B-Instruct,aqua,2.1814,0.9395,0.3232,C,5,near_random,0.28,0.3066
meta-llama/Llama-3.2-3B-Instruct,arc_challenge,2.1568,0.8344,0.26,C,6,intermediate,0.64,0.7025
meta-llama/Llama-3.2-3B-Instruct,hellaswag,1.9728,0.9864,0.33,D,4,intermediate,0.47,0.602
meta-llama/Llama-3.2-3B-Instruct,logiqa,1.9384,0.9692,0.32,B,4,near_random,0.32,0.4055
meta-llama/Llama-3.2-3B-Instruct,openbookqa,1.9703,0.9852,0.33,B,4,intermediate,0.74,0.757
