model_id_baseline,dataset_name,faithfulness_proxy_baseline,proxy_ci_lower_baseline,proxy_ci_upper_baseline,accuracy_no_cot_baseline,log_params_baseline,size_b,family,family_is_llama_baseline,task_cluster_baseline,is_quantized_baseline,n_cot_samples_used_baseline,n_cot_extraction_failures_baseline,n_no_cot_extraction_failures_baseline,accuracy_no_cot_sq_baseline,shuffled_mean_baseline,dependence_baseline,model_id_variant,faithfulness_proxy_variant,proxy_ci_lower_variant,proxy_ci_upper_variant,accuracy_no_cot_variant,log_params_variant,family_is_llama_variant,task_cluster_variant,is_quantized_variant,n_cot_samples_used_variant,n_cot_extraction_failures_variant,n_no_cot_extraction_failures_variant,accuracy_no_cot_sq_variant,shuffled_mean_variant,dependence_variant,delta_faithfulness_proxy,delta_accuracy_no_cot,delta_shuffled_mean,delta_dependence
Qwen/Qwen2.5-0.5B,aqua,0.1725,0.1525,0.193,0.19,8.699,0.5,qwen,0,aqua,0,20,128,0,0.0361,0.1725,0.0,Qwen/Qwen2.5-0.5B-Instruct,0.133,0.114,0.153,0.19,8.699,0,aqua,0,20,51,0,0.0361,0.133,-0.0,-0.0395,0.0,-0.0395,-0.0
Qwen/Qwen2.5-1.5B,aqua,0.1925,0.176,0.208,0.21,9.1761,1.5,qwen,0,aqua,0,20,98,0,0.0441,0.1943,-0.0018,Qwen/Qwen2.5-1.5B-Instruct,0.1695,0.1505,0.189,0.25,9.1761,0,aqua,0,20,38,0,0.0625,0.1645,0.005,-0.023,0.04,-0.0298,0.0068
Qwen/Qwen2.5-3B,aqua,0.179,0.1595,0.198,0.3,9.4771,3.0,qwen,0,aqua,0,20,21,0,0.09,0.1775,0.0015,Qwen/Qwen2.5-3B-Instruct,0.259,0.233,0.2865,0.41,9.4771,0,aqua,0,20,71,0,0.1681,0.1821,0.0769,0.08,0.11,0.0045,0.0755
Qwen/Qwen2.5-7B,aqua,0.2085,0.1785,0.2375,0.37,9.8451,7.0,qwen,0,aqua,0,20,37,0,0.1369,0.1746,0.0339,Qwen/Qwen2.5-7B-Instruct,0.2995,0.256,0.34,0.47,9.8451,0,aqua,0,20,70,0,0.2209,0.1892,0.1103,0.091,0.1,0.0146,0.0764
Qwen/Qwen2.5-14B,aqua,0.2385,0.2075,0.2715,0.45,10.1461,14.0,qwen,0,aqua,0,20,28,0,0.2025,0.1726,0.0659,Qwen/Qwen2.5-14B-Instruct,0.476,0.4115,0.538,0.57,10.1461,0,aqua,0,20,140,0,0.3249,0.1902,0.2858,0.2375,0.12,0.0176,0.2199
Qwen/Qwen2.5-32B,aqua,0.305,0.263,0.348,0.53,10.5051,32.0,qwen,0,aqua,0,20,26,0,0.2809,0.183,0.122,Qwen/Qwen2.5-32B-Instruct,0.5235,0.442,0.602,0.55,10.5051,0,aqua,0,20,237,0,0.3025,0.1817,0.3418,0.2185,0.02,-0.0013,0.2198
Qwen/Qwen2.5-0.5B,arc_challenge,0.2545,0.2237,0.2919,0.3,8.699,0.5,qwen,0,arc_challenge,0,20,249,1,0.09,0.1961,0.0584,Qwen/Qwen2.5-0.5B-Instruct,0.434,0.3835,0.492,0.44,8.699,0,arc_challenge,0,20,79,0,0.1936,0.234,0.2,0.1795,0.14,0.0379,0.1415
Qwen/Qwen2.5-1.5B,arc_challenge,0.2768,0.2525,0.3015,0.62,9.1761,1.5,qwen,0,arc_challenge,0,20,148,1,0.3844,0.2315,0.0452,Qwen/Qwen2.5-1.5B-Instruct,0.2667,0.248,0.2859,0.66,9.1761,0,arc_challenge,0,20,75,1,0.4356,0.2383,0.0284,-0.0101,0.04,0.0067,-0.0168
Qwen/Qwen2.5-3B,arc_challenge,0.2634,0.2433,0.283,0.74,9.4771,3.0,qwen,0,arc_challenge,0,20,86,3,0.5476,0.2385,0.0249,Qwen/Qwen2.5-3B-Instruct,0.3025,0.2798,0.3273,0.77,9.4771,0,arc_challenge,0,20,80,1,0.5929,0.2368,0.0657,0.0391,0.03,-0.0017,0.0408
Qwen/Qwen2.5-7B,arc_challenge,0.3414,0.3106,0.3738,0.78,9.8451,7.0,qwen,0,arc_challenge,0,20,148,1,0.6084,0.2295,0.1119,Qwen/Qwen2.5-7B-Instruct,0.503,0.4645,0.541,0.85,9.8451,0,arc_challenge,0,20,208,0,0.7225,0.2238,0.2792,0.1616,0.07,-0.0057,0.1673
Qwen/Qwen2.5-14B,arc_challenge,0.3475,0.32,0.377,0.89,10.1461,14.0,qwen,0,arc_challenge,0,20,77,0,0.7921,0.2339,0.1136,Qwen/Qwen2.5-14B-Instruct,0.663,0.621,0.7015,0.92,10.1461,0,arc_challenge,0,20,102,0,0.8464,0.2351,0.4279,0.3155,0.03,0.0012,0.3143
Qwen/Qwen2.5-32B,arc_challenge,0.309,0.284,0.339,0.94,10.5051,32.0,qwen,0,arc_challenge,0,20,103,0,0.8836,0.2301,0.0789,Qwen/Qwen2.5-32B-Instruct,0.5405,0.502,0.58,0.95,10.5051,0,arc_challenge,0,20,136,0,0.9025,0.233,0.3075,0.2315,0.01,0.003,0.2285
Qwen/Qwen2.5-0.5B,hellaswag,0.2185,0.19,0.2475,0.29,8.699,0.5,qwen,0,hellaswag,0,20,433,0,0.0841,0.1987,0.0198,Qwen/Qwen2.5-0.5B-Instruct,0.3005,0.266,0.336,0.33,8.699,0,hellaswag,0,20,136,0,0.1089,0.2424,0.0581,0.082,0.04,0.0437,0.0383
Qwen/Qwen2.5-1.5B,hellaswag,0.2585,0.2305,0.287,0.36,9.1761,1.5,qwen,0,hellaswag,0,20,137,0,0.1296,0.2218,0.0367,Qwen/Qwen2.5-1.5B-Instruct,0.325,0.2975,0.351,0.52,9.1761,0,hellaswag,0,20,85,0,0.2704,0.2358,0.0892,0.0665,0.16,0.0141,0.0524
Qwen/Qwen2.5-3B,hellaswag,0.325,0.293,0.356,0.52,9.4771,3.0,qwen,0,hellaswag,0,20,62,0,0.2704,0.237,0.088,Qwen/Qwen2.5-3B-Instruct,0.373,0.343,0.4045,0.69,9.4771,0,hellaswag,0,20,70,0,0.4761,0.2415,0.1315,0.048,0.17,0.0045,0.0435
Qwen/Qwen2.5-7B,hellaswag,0.4345,0.405,0.4655,0.75,9.8451,7.0,qwen,0,hellaswag,0,20,284,0,0.5625,0.212,0.2225,Qwen/Qwen2.5-7B-Instruct,0.325,0.294,0.356,0.77,9.8451,0,hellaswag,0,20,981,0,0.5929,0.1258,0.1992,-0.1095,0.02,-0.0862,-0.0233
Qwen/Qwen2.5-14B,hellaswag,0.402,0.372,0.432,0.82,10.1461,14.0,qwen,0,hellaswag,0,20,105,0,0.6724,0.2418,0.1602,Qwen/Qwen2.5-14B-Instruct,0.7225,0.683,0.7645,0.85,10.1461,0,hellaswag,0,20,216,0,0.7225,0.2221,0.5004,0.3205,0.03,-0.0196,0.3401
Qwen/Qwen2.5-32B,hellaswag,0.4285,0.4005,0.4575,0.84,10.5051,32.0,qwen,0,hellaswag,0,20,326,0,0.7056,0.2117,0.2168,Qwen/Qwen2.5-32B-Instruct,0.664,0.6235,0.702,0.89,10.5051,0,hellaswag,0,20,123,0,0.7921,0.2346,0.4294,0.2355,0.05,0.0229,0.2126
Qwen/Qwen2.5-0.5B,logiqa,0.187,0.165,0.2105,0.39,8.699,0.5,qwen,0,logiqa,0,20,465,0,0.1521,0.1699,0.0171,Qwen/Qwen2.5-0.5B-Instruct,0.2915,0.2675,0.3175,0.36,8.699,0,logiqa,0,20,151,0,0.1296,0.2741,0.0174,0.1045,-0.03,0.1042,0.0003
Qwen/Qwen2.5-1.5B,logiqa,0.254,0.225,0.283,0.39,9.1761,1.5,qwen,0,logiqa,0,20,276,0,0.1521,0.2195,0.0345,Qwen/Qwen2.5-1.5B-Instruct,0.269,0.244,0.2915,0.42,9.1761,0,logiqa,0,20,277,0,0.1764,0.2102,0.0588,0.015,0.03,-0.0093,0.0243
Qwen/Qwen2.5-3B,logiqa,0.278,0.252,0.306,0.41,9.4771,3.0,qwen,0,logiqa,0,20,217,0,0.1681,0.2361,0.0419,Qwen/Qwen2.5-3B-Instruct,0.356,0.316,0.396,0.48,9.4771,0,logiqa,0,20,403,0,0.2304,0.2108,0.1452,0.078,0.07,-0.0253,0.1033
Qwen/Qwen2.5-7B,logiqa,0.335,0.2935,0.375,0.48,9.8451,7.0,qwen,0,logiqa,0,20,271,0,0.2304,0.2231,0.1119,Qwen/Qwen2.5-7B-Instruct,0.3205,0.2865,0.3575,0.53,9.8451,0,logiqa,0,20,1015,0,0.2809,0.1352,0.1853,-0.0145,0.05,-0.0879,0.0734
Qwen/Qwen2.5-14B,logiqa,0.3675,0.3295,0.405,0.56,10.1461,14.0,qwen,0,logiqa,0,20,205,0,0.3136,0.2285,0.139,Qwen/Qwen2.5-14B-Instruct,0.566,0.5155,0.6145,0.62,10.1461,0,logiqa,0,20,409,0,0.3844,0.204,0.362,0.1985,0.06,-0.0245,0.223
Qwen/Qwen2.5-32B,logiqa,0.408,0.37,0.446,0.63,10.5051,32.0,qwen,0,logiqa,0,20,261,0,0.3969,0.2154,0.1926,Qwen/Qwen2.5-32B-Instruct,0.1735,0.1485,0.197,0.71,10.5051,0,logiqa,0,20,1529,0,0.5041,0.0591,0.1144,-0.2345,0.08,-0.1563,-0.0782
Qwen/Qwen2.5-0.5B,openbookqa,0.259,0.234,0.2825,0.38,8.699,0.5,qwen,0,openbookqa,0,20,89,0,0.1444,0.2449,0.0141,Qwen/Qwen2.5-0.5B-Instruct,0.4505,0.3975,0.5056,0.55,8.699,0,openbookqa,0,20,15,0,0.3025,0.2366,0.2139,0.1915,0.17,-0.0083,0.1998
Qwen/Qwen2.5-1.5B,openbookqa,0.264,0.2425,0.2875,0.65,9.1761,1.5,qwen,0,openbookqa,0,20,69,0,0.4225,0.2496,0.0144,Qwen/Qwen2.5-1.5B-Instruct,0.26,0.241,0.2795,0.76,9.1761,0,openbookqa,0,20,7,0,0.5776,0.2492,0.0108,-0.004,0.11,-0.0004,-0.0036
Qwen/Qwen2.5-3B,openbookqa,0.2755,0.2575,0.2945,0.72,9.4771,3.0,qwen,0,openbookqa,0,20,64,0,0.5184,0.248,0.0275,Qwen/Qwen2.5-3B-Instruct,0.2985,0.2735,0.32,0.78,9.4771,0,openbookqa,0,20,25,0,0.6084,0.2507,0.0478,0.023,0.06,0.0028,0.0202
Qwen/Qwen2.5-7B,openbookqa,0.3755,0.35,0.3986,0.87,9.8451,7.0,qwen,0,openbookqa,0,20,98,0,0.7569,0.2362,0.1393,Qwen/Qwen2.5-7B-Instruct,0.4675,0.4325,0.4985,0.87,9.8451,0,openbookqa,0,20,104,0,0.7569,0.2388,0.2287,0.092,0.0,0.0026,0.0894
Qwen/Qwen2.5-14B,openbookqa,0.336,0.315,0.359,0.91,10.1461,14.0,qwen,0,openbookqa,0,20,48,0,0.8281,0.245,0.091,Qwen/Qwen2.5-14B-Instruct,0.7035,0.668,0.7365,0.96,10.1461,0,openbookqa,0,20,5,0,0.9216,0.2468,0.4567,0.3675,0.05,0.0018,0.3657
Qwen/Qwen2.5-32B,openbookqa,0.3435,0.318,0.37,0.94,10.5051,32.0,qwen,0,openbookqa,0,20,126,0,0.8836,0.2328,0.1107,Qwen/Qwen2.5-32B-Instruct,0.6424,0.6091,0.6768,0.96,10.5051,0,openbookqa,0,20,70,1,0.9216,0.2417,0.4007,0.2989,0.02,0.0088,0.2901
