model_id,dataset_name,n_extractions,agreement_rate,disagreement_rate,n_permissive_only,n_strict_only,n_different_letter,permissive_failure_rate,strict_failure_rate
Qwen/Qwen2.5-0.5B-Instruct,aqua,2100,1.0,0.0,0,0,0,0.0052,0.0052
Qwen/Qwen2.5-0.5B-Instruct,arc_challenge,2100,1.0,0.0,0,0,0,0.0,0.0
Qwen/Qwen2.5-0.5B-Instruct,hellaswag,2100,1.0,0.0,0,0,0,0.0019,0.0019
Qwen/Qwen2.5-0.5B-Instruct,logiqa,2100,1.0,0.0,0,0,0,0.0048,0.0048
Qwen/Qwen2.5-0.5B-Instruct,openbookqa,2100,1.0,0.0,0,0,0,0.0,0.0
Qwen/Qwen2.5-1.5B-Instruct,aqua,2100,1.0,0.0,0,0,0,0.0062,0.0062
Qwen/Qwen2.5-1.5B-Instruct,arc_challenge,2100,1.0,0.0,0,0,0,0.0,0.0
Qwen/Qwen2.5-1.5B-Instruct,hellaswag,2100,1.0,0.0,0,0,0,0.0005,0.0005
Qwen/Qwen2.5-1.5B-Instruct,logiqa,2100,1.0,0.0,0,0,0,0.001,0.001
Qwen/Qwen2.5-1.5B-Instruct,openbookqa,2100,1.0,0.0,0,0,0,0.0005,0.0005
Qwen/Qwen2.5-14B-Instruct,aqua,2100,1.0,0.0,0,0,0,0.0005,0.0005
Qwen/Qwen2.5-14B-Instruct,arc_challenge,2100,1.0,0.0,0,0,0,0.0,0.0
Qwen/Qwen2.5-14B-Instruct,hellaswag,2100,1.0,0.0,0,0,0,0.0,0.0
Qwen/Qwen2.5-14B-Instruct,logiqa,2100,1.0,0.0,0,0,0,0.001,0.001
Qwen/Qwen2.5-14B-Instruct,openbookqa,2100,1.0,0.0,0,0,0,0.0029,0.0029
Qwen/Qwen2.5-32B-Instruct,aqua,2100,1.0,0.0,0,0,0,0.0005,0.0005
Qwen/Qwen2.5-32B-Instruct,arc_challenge,2100,1.0,0.0,0,0,0,0.0,0.0
Qwen/Qwen2.5-32B-Instruct,hellaswag,2100,1.0,0.0,0,0,0,0.0,0.0
Qwen/Qwen2.5-32B-Instruct,logiqa,2100,1.0,0.0,0,0,0,0.0005,0.0005
Qwen/Qwen2.5-32B-Instruct,openbookqa,2100,1.0,0.0,0,0,0,0.0005,0.0005
Qwen/Qwen2.5-3B-Instruct,aqua,2100,1.0,0.0,0,0,0,0.0,0.0
Qwen/Qwen2.5-3B-Instruct,arc_challenge,2100,0.9995,0.0005,1,0,0,0.0005,0.001
Qwen/Qwen2.5-3B-Instruct,hellaswag,2100,1.0,0.0,0,0,0,0.0014,0.0014
Qwen/Qwen2.5-3B-Instruct,logiqa,2100,1.0,0.0,0,0,0,0.0076,0.0076
Qwen/Qwen2.5-3B-Instruct,openbookqa,2100,0.999,0.001,2,0,0,0.0048,0.0057
Qwen/Qwen2.5-72B-Instruct-AWQ,aqua,2100,1.0,0.0,0,0,0,0.0019,0.0019
Qwen/Qwen2.5-72B-Instruct-AWQ,arc_challenge,2100,1.0,0.0,0,0,0,0.0024,0.0024
Qwen/Qwen2.5-72B-Instruct-AWQ,hellaswag,2100,1.0,0.0,0,0,0,0.0,0.0
Qwen/Qwen2.5-72B-Instruct-AWQ,logiqa,2100,1.0,0.0,0,0,0,0.0019,0.0019
Qwen/Qwen2.5-72B-Instruct-AWQ,openbookqa,2100,1.0,0.0,0,0,0,0.0043,0.0043
Qwen/Qwen2.5-7B-Instruct,aqua,2100,1.0,0.0,0,0,0,0.0005,0.0005
Qwen/Qwen2.5-7B-Instruct,arc_challenge,2100,1.0,0.0,0,0,0,0.0,0.0
Qwen/Qwen2.5-7B-Instruct,hellaswag,2100,1.0,0.0,0,0,0,0.0,0.0
Qwen/Qwen2.5-7B-Instruct,logiqa,2100,1.0,0.0,0,0,0,0.01,0.01
Qwen/Qwen2.5-7B-Instruct,openbookqa,2100,1.0,0.0,0,0,0,0.0019,0.0019
hugging-quants/Meta-Llama-3.1-70B-Instruct-AWQ-INT4,aqua,2100,1.0,0.0,0,0,0,0.0214,0.0214
hugging-quants/Meta-Llama-3.1-70B-Instruct-AWQ-INT4,arc_challenge,2100,1.0,0.0,0,0,0,0.0043,0.0043
hugging-quants/Meta-Llama-3.1-70B-Instruct-AWQ-INT4,hellaswag,2100,1.0,0.0,0,0,0,0.0,0.0
hugging-quants/Meta-Llama-3.1-70B-Instruct-AWQ-INT4,logiqa,2100,1.0,0.0,0,0,0,0.0038,0.0038
hugging-quants/Meta-Llama-3.1-70B-Instruct-AWQ-INT4,openbookqa,2100,1.0,0.0,0,0,0,0.0019,0.0019
meta-llama/Llama-3.1-8B-Instruct,aqua,2100,1.0,0.0,0,0,0,0.0114,0.0114
meta-llama/Llama-3.1-8B-Instruct,arc_challenge,2100,1.0,0.0,0,0,0,0.0005,0.0005
meta-llama/Llama-3.1-8B-Instruct,hellaswag,2100,1.0,0.0,0,0,0,0.0014,0.0014
meta-llama/Llama-3.1-8B-Instruct,logiqa,2100,1.0,0.0,0,0,0,0.0038,0.0038
meta-llama/Llama-3.1-8B-Instruct,openbookqa,2100,1.0,0.0,0,0,0,0.0,0.0
meta-llama/Llama-3.2-1B-Instruct,aqua,2100,1.0,0.0,0,0,0,0.0148,0.0148
meta-llama/Llama-3.2-1B-Instruct,arc_challenge,2100,1.0,0.0,0,0,0,0.001,0.001
meta-llama/Llama-3.2-1B-Instruct,hellaswag,2100,1.0,0.0,0,0,0,0.0029,0.0029
meta-llama/Llama-3.2-1B-Instruct,logiqa,2100,1.0,0.0,0,0,0,0.0038,0.0038
meta-llama/Llama-3.2-1B-Instruct,openbookqa,2100,1.0,0.0,0,0,0,0.0,0.0
meta-llama/Llama-3.2-3B-Instruct,aqua,2100,1.0,0.0,0,0,0,0.0157,0.0157
meta-llama/Llama-3.2-3B-Instruct,arc_challenge,2100,1.0,0.0,0,0,0,0.0005,0.0005
meta-llama/Llama-3.2-3B-Instruct,hellaswag,2100,1.0,0.0,0,0,0,0.0005,0.0005
meta-llama/Llama-3.2-3B-Instruct,logiqa,2100,1.0,0.0,0,0,0,0.001,0.001
meta-llama/Llama-3.2-3B-Instruct,openbookqa,2100,1.0,0.0,0,0,0,0.0,0.0
